Logradouro;Bairro;Preço (R$);Número;Mínimo Área (m²);Máximo Área (m²);Mínimo Quartos;Máximo Quartos;Mínimo Banheiros;Máximo Banheiros;Mínimo Vagas;Máximo Vagas
Avenida Itacira;Planalto Paulista;7.000.000;255;1000;1000;4;4;8;8;6;6
Rua Aurelia Perez Alvarez;Jardim dos Estados;3.700.000;42;469;524;3;6;3;6;4;4
Rua Tobias Barreto;Mooca;540.000;195;100;100;3;3;2;2;2;2
Rua Francisco Paulo;Cidade Mãe do Céu;850.000;31;145;145;4;4;4;4;2;2
Rua Guilherme Valente;Jardim Vergueiro;450.000;150;150;150;2;2;2;2;2;2
Rua Sagrada Família;Jardim Benfica;199.900;8;46;50;2;2;1;1;1;1
Rua Vigário João Álvares;Vila Monumento;700.000;66;261;261;4;4;4;4;3;3
Rua Tuim;Vila Uberabinha;2.500.000;449;193;193;3;3;3;3;2;2
Rua Antônio Pereira Mendes;Jardim Prudência;1.700.000;98;251;251;3;3;5;5;4;4
Rua João Antunes Carvalho;Lauzane Paulista;1.150.000;75;300;300;4;4;5;5;4;4
Rua Alice Garcia Vega;Itaberaba;2.232.000;345;300;300;3;3;5;5;4;4
Rua Graham Bell;Santo Amaro;2.700.000;332;772;772;7;7;7;7;6;6
Avenida Antônio Joaquim de Moura Andrade;Vila Nova Conceição;4.190.000;294;605;605;3;3;3;3;4;4
Rua Marcos Fernandes;Jardim da Saúde;860.000;1039;110;110;3;3;2;2;5;5
Rua José Leão dos Santos;Jardim Santo Antônio;650.000;606;250;250;4;4;4;4;4;4
Rua Jaime Pinto Ferreira;Vila Mazzei;490.000;93;120;120;2;2;1;1;1;1
Rua Antônio Wey;Jardim Ivana;650.000;161;250;250;3;3;1;1;5;5
Rua João Francisco de Moura;Vila Campo Grande;550.000;111;110;110;3;3;3;3;2;2
Rua Serra de Botucatu;Vila Gomes Cardim;1.100.000;993;120;120;3;3;2;2;2;2
Rua Andrade Neves;Bela Aliança;2.985.000;37;502;502;4;4;6;6;4;4
Rua Domingos Menezes;Vila Libanesa;890.000;179;320;320;5;5;4;4;6;6
Rua Professor Ciro Formicola;Parque São Rafael;425.000;203;125;125;2;2;1;1;2;2
Rua Elias Gannam;Vila Bandeirantes;500.000;53;120;120;2;2;3;3;2;2
Rua Zacarias de Gois;Parque Colonial;1.060.000;431;138;138;3;3;1;1;3;3
Rua Vicente Góes e Aranha;Vila Tramontano;2.200.000;587;463;463;4;4;6;6;6;6
Avenida Presidente Tancredo Neves;Vila Nancy;390.000;668;132;132;2;2;1;1;1;1
Rua Antônio Assumpção;Parada Inglesa;650.000;225;154;154;2;2;4;4;4;4
Avenida Dom Rodrigo Sanches;Jardim Amália;130.000;828;120;120;2;2;2;2;1;1
Rua Domingos de Braga;Vila dos Remédios;545.000;7;110;110;3;3;3;3;2;2
Rua Comendador Armando Pereira;Tremembé;520.000;309;151;151;3;3;3;3;8;8
Avenida Raimundo Pereira de Magalhães;Pirituba;409.000;6000;102;102;3;3;4;4;2;2
Avenida João XXIII;Vila Formosa;780.000;925;225;225;2;2;2;2;2;2
Rua Coronel Virgílio dos Santos;Vila Jaguara;750.000;271;220;220;3;3;3;3;2;2
Rua da Paz;Alto da Boa Vista;1.680.000;89;386;386;4;4;4;4;5;5
Rua Major Alfredo Romão;Vila Clarice;650.000;92;99;99;3;3;2;2;2;2
Rua Pataíba;Tucuruvi;1.237.000;89;211;211;3;3;3;3;3;3
Rua Doutor Milton de Souza Meirelles;Parque Continental;950.000;364;180;180;3;3;4;4;4;4
Avenida Amador Bueno da Veiga;Penha de França;510.000;3272;150;150;4;4;1;1;5;5
Rua Cordisburgo;Jardim Leonor;6.500.000;251;850;850;4;4;8;8;6;6
Rua Carlos Rath;Alto de Pinheiros;2.900.000;103;400;400;5;5;4;4;4;4
Rua José Barbosa;Jardim das Vertentes;470.000;186;84;84;3;3;3;3;2;2
Rua Júlio Rua Perez;Campo Belo;1.350.000;16;145;145;4;4;3;3;2;2
Rua Marechal Barbacena;Vila Regente Feijó;800.000;1392;150;150;3;3;2;2;2;2
Rua Plínio Mota;Vila Tolstoi;890.000;59;240;240;3;3;3;3;7;7
Rua Belarmino Cardoso de Andrade;Terceira Divisão de Interlagos;630.000;151;167;167;3;3;4;4;2;2
Avenida Ibiúna;Vila Aricanduva;1.200.000;736;500;500;4;4;3;3;4;4
Rua Drosera;Pirituba;920.000;120;190;190;3;3;2;2;4;4
Rua Prudentópolis;Boaçava;6.200.000;97;1192;1192;4;4;3;3;6;6
Rua Araripe;Vila Califórnia;430.000;145;300;300;6;6;3;3;2;2
Rua Lavras do Sul;Vila Carolina;650.000;206;120;120;4;4;3;3;2;2
Avenida Júlio Buono;Vila Gustavo;670.000;578;217;217;5;5;3;3;2;2
Rua Kansas;Brooklin Paulista;800.000;1326;70;70;2;2;4;4;2;2
Rua Francisco Bellazzi;Jardim Jaraguá;245.000;120;80;80;2;2;1;1;1;1
Rua Gonçalo Pires;Vila Morse;610.000;304;125;125;3;3;3;3;1;1
Avenida Avelino Paranho;Vila Talarico;850.000;119;250;250;5;5;3;3;5;5
Rua Manoel João Pereira;Vila Matilde;540.000;80;131;131;3;3;2;2;2;2
Rua Getúlio Vargas Filho;Cidade Vargas;550.000;572;114;114;3;3;4;4;2;2
Rua Doutor Augusto de Miranda;Vila Pompéia;1.050.000;1046;98;98;3;3;3;3;1;1
Rua Aquiramun;Alto de Pinheiros;5.500.000;94;450;450;5;5;6;6;5;5
Rua Tagipuru;Barra Funda;1.600.000;168;170;170;4;4;3;3;2;2
Rua Conchilia;Vila Albertina;1.600.000;383;300;300;4;4;6;6;4;4
Rua Antônio Barbosa de Oliveira;Vila João Batista;987.000;55;571;571;3;3;2;2;3;3
Rua João Pereira Santos;Jardim Nova Germania;350.000;144;57;57;3;3;1;1;5;5
Rua Prisciliana Duarte;Jardim da Saúde;1.600.000;250;257;257;3;3;4;4;4;4
Avenida Moaci;Planalto Paulista;1.900.000;1445;420;420;5;5;7;7;6;6
Estrada Velha da Penha;Tatuapé;450.000;120;110;110;2;2;1;1;2;2
Rua Alexandre Von Humboldt;Praia Azul;580.000;1;250;250;4;4;4;4;3;3
Rua Boiçununga;São João Clímaco;570.000;273;200;200;3;3;3;3;2;2
Rua João Pedro;Capela do Socorro;500.000;165;120;120;3;3;3;3;3;3
Rua Coronel Melo de Oliveira;Perdizes;1.272.000;704;184;184;3;3;3;3;2;2
Rua Amélia da Silveira;Jardim Vivan;620.000;44;176;176;3;3;4;4;2;2
Rua Alberto Lohnhoff;Lauzane Paulista;455.000;60;88;88;3;3;3;3;1;1
Rua José Ubaldo Lomônaco;Jardim da Glória;3.150.000;173;430;430;5;5;6;6;4;4
Rua Bolívia;Jardim América;11.489.000;200;1060;1060;4;4;5;5;9;9
Rua Vergueiro;Cursino;570.000;5114;113;113;3;3;2;2;2;2
Rua Joaquim Lima de Moraes;Santo Amaro;1.500.000;5;224;224;3;3;4;4;2;2
Rua Jorge Fares;Jardim São Luís;540.000;80;127;127;3;3;1;1;2;2
Rua Antônio Sales de Camargo;Bosque da Saúde;960.000;86;118;118;4;4;5;5;3;3
Rua Açaré;Alto de Pinheiros;2.900.000;63;252;252;3;3;5;5;4;4
Rua Cristiano Viana;Cerqueira César;1.300.000;961;155;155;3;3;1;1;1;1
Rua Muller Carioba;Jardim da Saúde;660.000;153;230;230;3;3;2;2;3;3
Rua Comendador Gabriel Calfat;Jardim Leonor;2.750.000;51;554;554;4;4;7;7;4;4
Rua Barbalha;Alto da Lapa;949.000;90;229;229;3;3;2;2;2;2
Rua Salvador Simões;Vila Dom Pedro I;972.000;0;198;198;3;3;4;4;3;3
Rua Alexandre Teixeira;Vila Euthalia;350.000;85;130;130;2;2;2;2;2;2
Alameda dos Apetupás;Planalto Paulista;2.100.000;550;400;400;4;4;4;4;4;4
Rua Roncador;Vila Corberi;340.000;11;100;100;3;3;1;1;2;2
Rua Bariri;Vila Carrão;630.000;0;170;170;3;3;2;2;4;4
Rua Helena Ricceli Luchetti;Parque Savoy City;580.000;190;160;160;3;3;2;2;2;2
Rua Dinamarca;Jardim Europa;10.600.000;136;600;600;7;7;7;7;6;6
Travessa Doutor Ezequiel Antunes de Oliveira;Vila Nova Conceição;2.850.000;103;120;120;3;3;4;4;3;3
Rua Ximbó;Aclimação;800.000;410;140;140;4;4;3;3;4;4
Rua Chico de Paula;Nossa Senhora do Ó;1.350.000;514;354;354;5;5;5;5;6;6
Rua Gregório Lazzarini;Jardim Três Marias;380.000;55;120;120;3;3;3;3;4;4
Rua Professor Guilherme Belfort Sabino;Campininha;440.000;230;164;164;2;2;1;1;1;1
Rua Thomaz Antônio Villani;Vila Santa Maria;780.000;50;140;140;3;3;2;2;3;3
Rua Nélio Batista Guimarães;Parque Boturussu;420.000;0;171;171;3;3;1;1;4;4
Rua Ipomeias;Vila Bela;190.000;289;36;36;2;2;1;1;1;1
Rua Dorandia;Jardim Brasil (Zona Norte);600.000;62;100;100;4;4;3;3;4;4
Rua José de Freitas Guimarães;Pacaembu;2.150.000;353;400;400;2;2;5;5;3;3
Rua Mateus Clemente;Jardim Alvorada (Zona Oeste);450.000;0;180;180;3;3;4;4;3;3
Rua Teviot;Vila Nova Conceição;1.620.000;50;120;120;2;2;2;2;2;2
Rua Professor Alfredo Ashcar;Jardim Leonor;1.200.000;185;250;250;3;3;5;5;4;4
Rua Barão de Juparanã;Vila Zelina;990.000;666;230;230;5;5;5;5;2;2
Rua Albertina;Tremembé;1.780.000;135;440;440;3;3;5;5;5;5
Rua Laurindo Sbampato;Vila Guilherme;660.000;62;130;130;3;3;2;2;2;2
Rua Santos Dumont;Jardim Petrópolis;3.490.000;438;763;763;5;5;6;6;4;4
Rua Caropá;Vila Madalena;1.600.000;652;192;192;3;3;3;3;2;2
Rua dos Alcatrazes;Chácara Flora;10.000.000;304;1300;1300;5;5;8;8;9;9
Rua Ovídio Lopes;Parque Boturussu;315.000;157;125;125;2;2;1;1;1;1
Rua Pero Correia;Vila Mariana;1.700.000;892;350;350;6;6;4;4;10;10
Rua Iramaia;Jardim Europa;2.300.000;50;210;210;4;4;3;3;3;3
Rua Bernardino de Campos;Campo Belo;1.740.000;816;320;320;3;3;5;5;2;2
Rua Mestre João;Jardim Vila Formosa;800.000;198;250;250;4;4;2;2;4;4
Avenida Comendador Adibo Ares;Morumbi;3.350.000;1230;686;686;5;5;6;6;5;5
Rua Ícaro Sydow;Cidade Jardim;3.600.000;77;726;726;4;4;6;6;8;8
Rua Miranda Guerra;Jardim Petrópolis;1.450.000;321;250;250;4;4;4;4;3;3
Rua Baguassu;Vila Regente Feijó;1.980.000;67;288;288;3;3;3;3;3;3
Rua Bernardino Pinheiro;Vila Rosaria;650.000;164;195;195;3;3;1;1;5;5
Rua Pedro Rodrigues Marques;Jardim Ana Maria;360.000;0;88;88;2;2;3;3;2;2
Rua Falchi Gianini;Vila Prudente;565.000;497;120;120;3;3;2;2;3;3
Rua Erva Cidreira;Jardim Vista Linda;689.900;85;160;160;3;3;3;3;2;2
Rua Aparaó;Vila Inah;1.980.000;68;320;320;3;3;4;4;7;7
Rua Backer;Cambuci;890.000;2;248;248;3;3;3;3;2;2
Rua Desembargador do Vale;Perdizes;830.000;947;148;148;3;3;2;2;1;1
Rua Pedro Teixeira;Vila Olímpia;1.100.000;180;135;135;3;3;3;3;1;1
Rua Porto Martins;Brooklin Paulista;1.400.000;621;160;160;3;3;1;1;2;2
Rua Princesa Leopoldina;Alto da Lapa;1.500.000;491;150;150;3;3;2;2;4;4
Rua Januário Miraglia;Vila Nova Conceição;2.980.000;148;180;180;3;3;1;1;4;4
Rua Buarque;Vila Inah;1.900.000;317;360;360;4;4;6;6;5;5
Rua Vicente Pereira;Barro Branco (Zona Norte);3.800.000;51;600;600;6;6;7;7;6;6
Rua Doutor Manoel Maria Tourinho;Pacaembu;5.995.500;450;400;400;3;3;3;3;8;8
Rua Afonso José de Carvalho;Vila Madalena;1.595.000;32;300;300;2;2;1;1;2;2
Avenida IV Centenário;Jardim Luzitânia;9.900.000;544;675;675;8;8;6;6;9;9
Rua Mário Whately;Alto da Lapa;1.280.000;41;200;200;3;3;1;1;3;3
Rua Guararapes;Brooklin Paulista;1.100.000;1536;130;130;3;3;1;1;2;2
Rua Marco Aurélio;Vila Romana;950.000;1381;270;270;3;3;2;2;1;1
Rua Domingos Furtado Valadares;Jardim Consórcio;550.000;55;178;178;3;3;4;4;3;3
Rua Joaquim Nabuco;Brooklin Paulista;1.600.000;2050;200;200;3;3;1;1;4;4
Rua Paulo Rafael;Vila Hebe;480.000;51;110;110;2;2;2;2;2;2
Rua Álvaro Rodrigues;Vila Cordeiro;1.276.600;1008;300;300;3;3;2;2;3;3
Rua Doutor João Batista de Lacerda;Quarta Parada;852.000;952;100;100;3;3;1;1;1;1
Rua Jandiro Joaquim Pereira;Morumbi;1.600.000;211;436;436;4;4;5;5;4;4
Rua Morais de Barros;Campo Belo;2.020.000;367;140;140;4;4;2;2;8;8
Avenida Ceci;Planalto Paulista;2.226.000;679;520;520;3;3;1;1;3;3
Rua Turiassu;Perdizes;2.000.000;189;300;300;8;8;4;4;1;1
Rua Boquim;Vila Ida;2.240.000;42;235;235;3;3;4;4;6;6
Rua Barão de São Gabriel;Bela Aliança;2.500.000;87;361;361;4;4;4;4;4;4
Alameda Álvaro de Morais;Planalto Paulista;1.400.000;83;208;208;3;3;1;1;5;5
Rua Visconde de Indaiatuba;Alto da Lapa;2.128.000;126;320;320;3;3;1;1;3;3
Rua Lomas Valentinas;Alto da Lapa;3.290.000;369;300;300;4;4;4;4;4;4
Rua Luisiania;Brooklin Paulista;1.180.000;780;180;180;3;3;4;4;2;2
Rua Rocinha;Bosque da Saúde;1.800.000;52;195;195;4;4;3;3;2;2
Rua Francisco de Paula Brito;Planalto Paulista;2.190.000;306;250;250;3;3;3;3;4;4
Rua Otávio Tarquínio de Souza;Campo Belo;3.000.000;822;300;300;4;4;3;3;3;3
Rua Barão do Triunfo;Brooklin Paulista;1.914.893;818;220;220;2;2;1;1;2;2
Rua Lourenço Marques;Vila Olímpia;1.200.000;180;82;82;3;3;2;2;1;1
Rua dos Macunis;Vila Madalena;1.800.000;799;240;240;3;3;1;1;5;5
Rua Francisco Gomes da Silva Prado;Bosque da Saúde;1.100.000;125;257;257;4;4;1;1;4;4
Rua Porangaba;Bosque da Saúde;1.332.000;161;200;200;4;4;1;1;4;4
Rua Potenji;Vila Mariana;1.950.000;437;280;280;3;3;2;2;2;2
Rua Murajuba;Alto de Pinheiros;4.200.000;113;439;439;4;4;1;1;3;3
Rua Califórnia;Cidade Monções;9.396.000;37;527;527;4;4;6;6;4;4
Rua Maestro Chiaffarelli;Jardim Paulista;3.900.000;402;260;260;3;3;1;1;4;4
Praça Doutor Silas Botelho;Sumaré;2.000.000;123;378;378;3;3;3;3;2;2
Rua Eunice Weaver;Jardim Anália Franco;1.219.000;235;150;150;3;3;2;2;3;3
Rua Mário;Vila Romana;1.200.000;176;212;212;2;2;1;1;2;2
Rua Caramuru;Saúde;1.700.000;1397;200;200;4;4;1;1;3;3
Rua Guaraiúva;Cidade Monções;2.000.000;904;300;300;4;4;1;1;4;4
Rua Comendador Júlio Pereira Lopes;Jardim da Glória;1.350.000;222;380;380;4;4;3;3;5;5
Rua Abegoaria;Jardim das Bandeiras;2.250.000;213;350;350;4;4;3;3;4;4
Rua Camundo;Planalto Paulista;1.915.000;119;365;365;7;7;1;1;3;3
Rua Senador César Lacerda Vergueiro;Sumarezinho;3.500.000;222;248;248;4;4;1;1;5;5
Rua dos Americanos;Barra Funda;840.000;687;150;150;3;3;2;2;1;1
Rua Coronel Irlandino Sandoval;Jardim Paulistano;5.050.000;174;390;390;4;4;1;1;5;5
Rua Diana;Perdizes;1.000.000;922;122;122;4;4;1;1;1;1
Rua Conselheiro Brotero;Barra Funda;745.000;121;170;170;3;3;2;2;2;2
Rua Major Alberto Barbosa;Penha de França;550.000;37;125;125;3;3;2;2;2;2
Rua Imbocuí;Vila Moreira;1.000.000;342;167;167;2;2;2;2;3;3
Rua Aleixo Jorge;Sumaré;1.500.000;190;150;150;4;4;1;1;2;2
Rua Peixes;Jardim Vila Carrão;295.000;236;386;386;3;3;2;2;6;6
Rua Dobrada;Casa Verde;1.400.000;196;306;306;4;4;1;1;4;4
Rua Moacir Miguel da Silva;Jardim Bonfiglioli;900.000;606;150;150;3;3;3;3;3;3
Rua Dona Inácia Uchôa;Vila Mariana;850.000;40;154;154;3;3;2;2;2;2
Rua Décio Reis;Alto de Pinheiros;4.800.000;330;430;430;3;3;6;6;4;4
Rua Jorge Tibiriçá;Vila Mariana;1.990.000;907;181;181;4;4;4;4;4;4
Rua Jarinu;Cidade Mãe do Céu;695.000;490;121;121;2;2;1;1;1;1
Rua Geórgia;Brooklin Paulista;1.500.000;370;230;230;3;3;2;2;2;2
Rua Araioses;Sumarezinho;1.915.000;87;160;160;4;4;4;4;2;2
Rua Belmiro Schunk Zenha;Vila Cordeiro;692.000;2;127;127;2;2;1;1;2;2
Rua Embaixador Raul Garcia;Bosque da Saúde;1.100.000;24;111;111;3;3;1;1;2;2
Rua Realengo;Vila Madalena;960.000;185;127;127;3;3;2;2;2;2
Rua Sebastião Meira Barros;Parque Fernanda;430.000;348;138;138;3;3;2;2;4;4
Rua Sócrates Abrahão;Parque Munhoz;768.000;16;145;145;3;3;3;3;2;2
Rua Ibitinga;Vila Bertioga;1.650.000;706;225;225;3;3;5;5;3;3
Rua Lázaro Sousa Martins;Água Branca;1.300.000;55;195;195;3;3;3;3;3;3
Rua Manaus;Vila Bertioga;1.600.000;48;450;450;3;3;2;2;4;4
Rua Jequitai;Indianópolis;1.350.000;56;274;274;4;4;1;1;2;2
Rua Marques de Carvalho;Cidade Mãe do Céu;850.000;5;100;100;3;3;1;1;4;4
Rua Alabastro;Aclimação;960.000;151;129;129;3;3;2;2;3;3
Rua Dom Macário;Saúde;600.000;135;110;110;2;2;3;3;2;2
Rua Aurélia;Vila Romana;790.000;1436;117;117;4;4;1;1;2;2
Rua Umburanas;Alto de Pinheiros;4.200.000;417;450;450;4;4;7;7;2;2
Rua Los Ângeles;Cidade Monções;1.300.000;121;290;290;4;4;3;3;2;2
Rua Alaor Bronzone;Jardim Casablanca;430.000;0;130;130;3;3;2;2;2;2
Viaduto Santa Generosa;Paraíso;4.250.000;195;401;401;4;4;1;1;4;4
Rua Santa Cristina;Jardim Paulistano;3.700.000;329;210;210;2;2;1;1;1;1
Rua Eduardo;Vila Albertina;2.700.000;308;359;359;3;3;5;5;3;3
Rua dos Escultores;Boaçava;3.000.000;12;200;200;3;3;3;3;2;2
Viela Um;Jardim Peri;3.200.000;1059;510;510;5;5;3;3;7;7
Avenida Olavo Egídio de Souza Aranha;Parque Císper;450.000;1157;180;180;2;2;3;3;8;8
Avenida Pacaembu;Pacaembu;4.000.000;100;405;405;4;4;3;3;4;4
Rua Francisco Assis Garrido;Jardim São Luís;730.000;130;170;170;4;4;2;2;6;6
Rua Francisco Teles Dourado;Jardim Prudência;1.395.000;713;293;293;4;4;4;4;4;4
Rua Doutor Fausto de Almeida Prado Penteado;Jardim Sílvia (Zona Oeste);4.500.000;302;1643;1643;4;4;5;5;10;10
Rua Breves;Chácara Monte Alegre;2.100.000;602;319;319;4;4;4;4;4;4
Travessa Antônio Augusto Monteiro de Barros Neto;Real Parque;600.000;60;106;106;2;2;1;1;2;2
Rua Jandiro Joaquim Pereira;Jardim Leonor;1.400.000;456;242;242;3;3;3;3;4;4
Rua Irmã Carolina;Belenzinho;1.395.000;544;255;255;3;3;2;2;7;7
Avenida Manoel dos Reis Araújo;Jardim Marajoara;2.450.000;50;450;450;3;3;4;4;6;6
Rua Macau;Jardim Luzitânia;4.900.000;50;361;361;4;4;6;6;5;5
Rua Macarani;Bosque da Saúde;750.000;79;176;176;2;2;3;3;1;1
Rua Doutor Queirós Guimarães;Jardim Guedala;4.300.000;216;500;500;4;4;4;4;4;4
Rua Bela Flor;Vila Mariana;1.450.000;233;235;235;3;3;4;4;3;3
Rua Cônego Luís Gonzaga Biazi;Carandiru;990.000;144;382;382;2;2;6;6;6;6
Rua Magalhães de Araújo;Jardim Guedala;3.500.000;84;650;650;4;4;5;5;4;4
Rua Wanderley;Perdizes;2.300.000;611;248;248;4;4;4;4;4;4
Rua Armando Brussolo;Vila Romana;990.000;192;194;194;4;4;5;5;2;2
Avenida Diógenes Ribeiro de Lima;Alto de Pinheiros;1.950.000;1658;463;463;3;3;1;1;12;12
Avenida Alfredo Zunkeller;Parque Mandaqui;1.300.000;156;145;145;3;3;3;3;6;6
Travessa Alberto Moravia;Jardim Tremembé;350.000;18;120;120;2;2;2;2;4;4
Rua Santo Irineu;Bosque da Saúde;1.400.000;3100;205;205;4;4;5;5;3;3
Rua Carlo Fontana;Jardim Tietê;430.000;106;200;200;6;6;7;7;2;2
Rua Peaçaba;Vila Monumento;650.000;242;165;165;4;4;5;5;2;2
Rua Theo Dutra;Jardim Colombo;1.650.000;85;280;280;4;4;6;6;4;4
Avenida Amarilis;Cidade Jardim;5.900.000;0;1000;1000;4;4;5;5;8;8
Rua Oliveira Dias;Jardim Paulista;4.800.000;366;530;530;4;4;5;5;4;4
Rua Luís Botta;Cidade São Mateus;147.288;1137;61;61;1;1;1;1;1;1
Rua Aparecida;Canindé;650.000;197;105;105;2;2;3;3;2;2
Rua Doutor Nelson Cayres de Britto;Vila Tiradentes;700.000;67;210;210;3;3;2;2;3;3
Rua Caetano de Campos;Vila Moreira;1.200.000;0;140;140;3;3;2;2;2;2
Praça Marquês de Itanhaém;Vila Madalena;2.150.000;37;240;240;4;4;4;4;6;6
Rua Ernesto Nazaré;Alto de Pinheiros;4.500.000;100;500;500;4;4;6;6;6;6
Rua José Vicente;Tremembé;3.600.000;63;500;500;4;4;7;7;9;9
Rua Marechal Renato Paquet;Jardim Marajoara;1.400.000;463;197;197;4;4;4;4;4;4
Rua Francisco Pessoa;Vila Andrade;1.200.000;800;168;168;3;3;4;4;3;3
Rua Hans Staden;Butantã;2.500.000;94;420;420;4;4;3;3;3;3
Avenida Nova Cantareira;Tucuruvi;4.900.000;4337;2160;2160;3;3;4;4;10;10
Rua Camilo Batista;Vila Amélia;690.000;19;273;273;3;3;2;2;2;2
Rua Frederico Von Martius;Vila Monumento;1.280.000;242;145;145;3;3;4;4;3;3
Rua Félix Pola;Cambuci;950.000;0;150;150;3;3;2;2;2;2
Alameda dos Anapurus;Indianópolis;4.000.000;500;400;400;5;5;6;6;5;5
Rua Geórgia;Brooklin;1.800.000;30;160;160;3;3;4;4;4;4
Rua Doutor Carmino Capricchio;Vila Tiradentes;585.000;172;130;130;3;3;1;1;4;4
Rua Juréia;Chácara Inglesa;690.000;843;190;190;3;3;2;2;2;2
Rua Colegio Pio XII;Fazenda Morumbi;1.690.000;1010;474;474;5;5;5;5;4;4
Rua Traipu;Pacaembu;1.280.000;202;174;174;3;3;4;4;3;3
Rua Joaquim José do Amaral;Jardim Alvorada (Zona Oeste);560.000;178;240;240;3;3;4;4;3;3
Rua Paraupava;Belenzinho;670.000;176;135;135;3;3;3;3;2;2
Avenida Armando Ferrentini;Paraíso;1.590.000;137;247;247;3;3;5;5;2;2
Rua Simpatia;Jardim das Bandeiras;3.640.000;401;476;476;4;4;3;3;4;4
Rua Apinajés;Perdizes;2.660.000;282;200;200;3;3;4;4;3;3
Rua Thereza Masironi Gonfiantini;Vila Nova Alba;500.000;244;147;147;3;3;3;3;2;2
Rua Comandante Garcia D'Ávila;Morumbi;1.390.000;64;393;393;6;6;6;6;4;4
Rua Dom Henrique;Jardim Luzitânia;6.600.000;450;395;395;4;4;7;7;3;3
Rua Luiz Amorim Costa;Vila Carolina;400.000;0;160;160;3;3;2;2;3;3
Rua Pirapó;Jardim Guedala;5.500.000;222;650;650;3;3;3;3;3;3
Rua Jupuruchita;Alto da Mooca;1.049.400;168;190;190;3;3;1;1;3;3
Rua Engenheiro Pedro Garcin;Vila Antônio;480.000;190;110;110;2;2;1;1;2;2
Rua Ajurapéia;Vila Madalena;1.050.000;65;210;210;3;3;1;1;2;2
Rua Stefan Marek Neuding;Jardim Sílvia (Zona Oeste);4.495.000;37738888;1643;1643;4;4;8;8;10;10
Rua Kalil Filho;Indianópolis;1.850.000;157;225;225;3;3;2;2;2;2
Rua Dezenove de Maio;Vila Esperança;680.000;401;170;170;3;3;3;3;2;2
Rua Margarida Galvão;Paineiras do Morumbi;4.100.000;0;580;580;3;3;4;4;6;6
Rua Conde de Irajá;Vila Mariana;1.950.000;208;369;369;3;3;1;1;3;3
Rua Doutor José Maria Whitaker;Vila Sônia;1.500.000;0;259;259;3;3;3;3;2;2
Rua Ulisses Cruz;Tatuapé;495.000;106;117;117;2;2;1;1;1;1
Rua Acruás;Vila Congonhas;1.200.000;188;158;158;2;2;1;1;2;2
Rua Vicente Biondo;Vila Ester (Zona Norte);670.000;216;226;226;3;3;1;1;4;4
Rua Caetano José Batista;Jardim das Acácias;691.000;202;150;150;3;3;1;1;2;2
Rua Xavier da Veiga;Santana;1.596.000;109;300;300;4;4;2;2;4;4
Rua Professor Oliveira Fausto;Alto da Mooca;1.600.000;260;360;360;4;4;1;1;4;4
Rua Japuanga;Vila Ida;4.043.000;265;400;400;3;3;1;1;5;5
Rua Baturité;Aclimação;1.383.000;38;208;208;3;3;1;1;3;3
Rua Oscar Caravelas;Sumarezinho;1.800.000;60;324;324;6;6;2;2;4;4
Rua Laurindo de Brito;Lapa;1.200.000;468;260;260;3;3;2;2;4;4
Rua Timbó;Mooca;1.000.000;130;170;170;3;3;1;1;2;2
Rua Frei Juan Auli;Jardim Patente;455.000;90;150;150;2;2;3;3;5;5
Avenida Piassanguaba;Planalto Paulista;980.000;1009;182;182;3;3;1;1;2;2
Rua Gil Fernandes;Bosque da Saúde;1.700.000;366;388;388;3;3;4;4;4;4
Rua Martins Bonilha;Alto da Mooca;1.300.000;21;175;175;6;6;3;3;2;2
Rua Antônio de Gouveia Giudice;Alto de Pinheiros;5.000.000;1585;483;483;5;5;1;1;4;4
Rua Pedro Mainente;Parque dos Príncipes;750.000;108;173;173;3;3;2;2;4;4
Rua Capital Federal;Sumaré;1.500.000;799;230;230;4;4;2;2;1;1
Rua Abagiba;Saúde;745.000;495;180;180;2;2;1;1;2;2
Rua Colatino Marques;Jardim Paulista;6.200.000;214;548;548;4;4;6;6;6;6
Rua Macejana;Indianópolis;638.500;39;89;89;3;3;1;1;2;2
Rua Monsanto;Pinheiros;2.900.000;62;420;420;4;4;4;4;6;6
Rua Gustavo Teixeira;Pacaembu;2.700.000;55;350;350;3;3;2;2;4;4
Rua das Fiandeiras;Vila Olímpia;1.500.000;157;141;141;2;2;2;2;1;1
Rua Costa Aguiar;Ipiranga;1.172.000;2434;219;219;3;3;1;1;1;1
Avenida das Corujas;Sumarezinho;2.021.300;214;110;110;3;3;1;1;4;4
Rua Ulisses Esteves Costa;Santana;1.700.000;39;305;305;3;3;3;3;2;2
Rua Humberto I;Vila Mariana;1.800.000;1046;300;300;3;3;3;3;5;5
Rua Irmão Gonçalo;Jardim das Bandeiras;5.700.000;31;810;810;6;6;5;5;8;8
Rua Lauro Freire;Jardim Celeste;638.500;42;120;120;3;3;1;1;2;2
Rua Damiana da Cunha;Santa Teresinha;1.908.000;70;382;382;3;3;1;1;5;5
Rua Vespasiano;Vila Romana;2.980.000;556;550;550;4;4;2;2;6;6
Rua Fernão Dias;Pinheiros;1.750.000;217;220;220;6;6;2;2;4;4
Rua Francisco Correia Dutra;Jardim Maria Luiza;429.000;209;94;94;2;2;2;2;2;2
Rua Aperca;Boaçava;8.000.000;409;1074;1074;4;4;4;4;6;6
Rua dos Otonis;Vila Clementino;2.350.000;289;220;220;4;4;2;2;7;7
Rua Marambá;Água Fria;1.270.000;35;200;200;4;4;4;4;5;5
Rua Ytaipu;Mirandópolis;1.790.000;489;270;270;4;4;3;3;3;3
Rua Tomé Portes;Brooklin Paulista;1.900.000;555;480;480;4;4;4;4;3;3
Rua Ministro Eduardo de Campos Maia;Jardim Bonfiglioli;1.100.000;123;170;170;3;3;3;3;3;3
Rua Bento de Faria;Bosque da Saúde;2.780.000;220;500;500;5;5;8;8;7;7
Rua Montevidéu;Bela Aliança;2.490.000;0;298;298;3;3;4;4;5;5
Rua Acarapé;Chácara Inglesa;1.385.000;364;400;400;3;3;3;3;2;2
Rua Rubi;Vila do Encontro;2.400.000;76;395;395;4;4;2;2;3;3
Rua Asfaltite;Vila Formosa;580.000;63;120;120;2;2;3;3;1;1
Rua Raul de Morais Vítor;Vila Albertina;498.000;120;150;150;5;5;6;6;2;2
Rua Boa Esperança do Sul;Jardim Guedala;2.700.000;57;406;406;4;4;4;4;3;3
Rua Araporé;Jardim Guedala;4.000.000;209;431;431;4;4;5;5;6;6
Rua Domingos Nogueira;Jardim Dracena;445.000;137;173;173;2;2;3;3;4;4
Rua Dom Sebastião do Rego;Vila Gumercindo;800.000;339;206;206;3;3;1;1;1;1
Rua Pedro Doll;Santana;590.000;99;100;100;2;2;2;2;1;1
Rua Doutor José de Moura Resende;Caxingui;1.800.000;266;277;277;3;3;3;3;5;5
Alameda Franca;Jardim Paulista;2.600.000;587;137;137;9;9;2;2;1;1
Rua Conselheiro Zacarias;Jardim Paulista;9.000.000;50;580;580;4;4;4;4;3;3
Rua Rosário do Sul;Jardim Maringá;1.050.000;0;274;274;3;3;4;4;6;6
Rua Doutor Rafael Caramuru Lanzelloti;Aclimação;850.000;77;200;200;2;2;1;1;1;1
Rua das Camélias;Mirandópolis;1.900.000;65;330;330;4;4;3;3;6;6
Rua Doutor João Neves Neto;Jardim Guedala;2.300.000;516;379;379;3;3;5;5;3;3
Rua Filipe de Gusmão;Sumarezinho;905.000;158;120;120;3;3;3;3;1;1
Rua Abagiba;Vila da Saúde;680.000;1101;170;170;3;3;2;2;3;3
Rua Leônidas Freire;Vila Liviero;750.000;206;280;280;6;6;5;5;3;3
Rua Urbanizadora;Sumaré;5.000.000;49;273;273;3;3;5;5;4;4
Rua Pereira Caldas;Jardim da Glória;950.000;261;250;250;3;3;4;4;3;3
Rua da Dança Cigana;Jardim Vaz de Lima;445.000;394;100;100;3;3;1;1;1;1
Rua Arizona;Cidade Monções;1.779.990;0;150;150;3;3;1;1;2;2
Rua Domingos Augusto Setti;Jardim Vila Mariana;2.100.000;36;210;210;4;4;5;5;4;4
Rua Itapacurai;Paraíso do Morumbi;820.000;39;107;107;3;3;2;2;2;2
Rua Brigadeiro Gama Barcelos;Parque Jabaquara;540.000;303;145;145;2;2;4;4;2;2
Rua General Bagnuolo;Quinta da Paineira;650.000;173;246;246;3;3;3;3;2;2
Rua Leão XIII;Jardim São Bento;1.350.000;1;267;267;3;3;5;5;4;4
Rua Simão Machado;Tucuruvi;460.000;101;90;90;2;2;2;2;2;2
Rua Taguató;Vila Fernandes;450.000;0;180;180;5;5;4;4;3;3
Avenida Professor Fonseca Rodrigues;Alto de Pinheiros;6.863.720;706;500;500;4;4;5;5;4;4
Rua Moisés Anaute;Jardim Odete;1.030.000;0;220;220;3;3;5;5;4;4
Rua Bergamota;Alto da Lapa;1.200.000;284;190;190;2;2;2;2;3;3
Rua Kohei Yokoyana;Jardim Peri Peri;1.200.000;0;139;139;5;5;5;5;5;5
Rua Panapoi;Campo Belo;1.450.000;155;130;130;2;2;1;1;6;6
Rua Suécia;Jardim Europa;18.000.000;223;872;872;4;4;5;5;7;7
Rua Miguel Teles Júnior;Cambuci;775.000;43;250;250;3;3;4;4;1;1
Rua Antônio Ambuba;Parque Munhoz;690.000;32;124;124;3;3;2;2;2;2
Rua Amarais;Vila Carrão;1.000.000;0;300;300;6;6;5;5;3;3
Rua Baré;Vila Romana;3.500.000;103;350;350;4;4;6;6;4;4
Rua Giovanni Carnovali;Vila Caraguatá;580.000;92;120;120;3;3;2;2;2;2
Rua Pongada;Jardim Panorama;2.000.000;110;389;389;4;4;6;6;4;4
Rua Romão Gomes;Butantã;2.930.000;101;470;470;4;4;6;6;3;3
Rua Olegário Mariano;Jardim Guedala;10.000.000;810;837;837;4;4;4;4;10;10
Rua Comprida;Vila Mazzei;530.000;212;120;120;3;3;2;2;2;2
Rua Marquês de Herval;Vila da Saúde;535.000;31;90;90;2;2;2;2;1;1
Rua Assungui;Vila Gumercindo;1.500.000;841;487;487;3;3;2;2;3;3
Rua Maestro Elias Lobo;Jardim Paulista;30.000.000;126;1060;1060;5;5;5;5;4;4
Avenida Doutor Cardoso de Melo;Vila Olímpia;2.900.000;379;200;200;3;3;3;3;2;2
Alameda dos Nhambiquaras;Indianópolis;600.000;2075;80;80;2;2;2;2;2;2
Rua Pai Gomes Charinho;Parque Santa Cecília;300.000;0;250;250;3;3;2;2;4;4
Rua Genova;Jardim Leonor Mendes de Barros;1.350.000;440;300;300;5;5;6;6;4;4
Rua Olival Costa;Vila Dom Pedro I;1.300.000;74;330;330;4;4;4;4;3;3
Rua Francisco Farel;Jardim das Bandeiras;3.800.000;209;420;420;4;4;5;5;5;5
Alameda dos Indígenas;Planalto Paulista;1.450.000;364;314;314;3;3;4;4;2;2
Rua João José dos Santos;Jardim Olympia;950.000;116;230;230;3;3;1;1;6;6
Rua das Heras;Vila Lúcia;470.000;1;86;86;2;2;3;3;1;1
Rua Amélia Correa Fontes Guimarães;Vila Progredior;1.400.000;484;258;258;3;3;4;4;3;3
Rua Aiarani;Tatuapé;380.000;24;80;80;2;2;2;2;1;1
Rua Dom Tomás Costa e Lima;Retiro Morumbi;4.980.000;2110;600;600;3;3;6;6;8;8
Alameda dos Guaiases;Indianópolis;1.190.000;495;242;242;4;4;4;4;10;10
Rua Joazeiro;Sumaré;3.900.000;66;550;550;3;3;5;5;6;6
Rua Vinte e Quatro de Outubro;Vila Dom Pedro I;1.380.000;327;180;180;4;4;3;3;3;3
Rua Levotti Grottera;Paineiras do Morumbi;3.500.000;77;420;420;4;4;3;3;6;6
Rua Engenheiro Sá Rocha;Vila Ida;2.970.000;385;490;490;5;5;4;4;10;10
Rua Medeiros Furtado;Vila Formosa;650.000;188;124;124;3;3;3;3;2;2
Rua Nova Pátria;Bosque da Saúde;1.550.000;299;275;275;4;4;4;4;4;4
Rua das Malvas;Cidade Jardim;2.200.000;216;359;359;4;4;4;4;6;6
Rua Rino Levi;Jardim da Glória;2.100.000;70;236;236;3;3;5;5;3;3
Rua Capanezinho;Jardim Maria Duarte;460.000;195;180;180;2;2;2;2;4;4
Rua Pedrinhas;Vila Sonia;4.800.000;167;400;400;3;3;4;4;4;4
Rua Manduri;Jardim Paulistano;9.800.000;0;740;740;5;5;6;6;5;5
Rua Santa Rufina;Jardim Santo Amaro;2.200.000;44;390;390;4;4;6;6;4;4
Rua Professor Luciano Gualberto;Jardim Morumbi;2.900.000;282;600;600;4;4;6;6;2;2
Rua Domingos Lopes;Campo Belo;1.070.000;510;200;200;2;2;2;2;2;2
Rua Vasconcelos Drumond;Vila Monumento;1.300.000;224;145;145;3;3;1;1;4;4
Rua Artur de Souza Marques;Vila Tramontano;8.600.000;322;1000;1000;4;4;6;6;6;6
Rua Pianú;Vila Ida;2.970.000;345;527;527;5;5;3;3;8;8
Rua Mauro Dalay;Conjunto Residencial Bandeirantes;750.000;1;450;450;4;4;3;3;2;2
Rua Leucina;Cidade Vargas;620.000;106;190;190;3;3;1;1;2;2
Rua São Gall;Vila Ipojuca;1.200.000;6;250;250;3;3;3;3;4;4
Rua Coronel Camisão;Vila Gomes;690.000;348;167;167;4;4;5;5;3;3
Rua Artur Andrade;Vila Marari;440.000;64;90;90;2;2;5;5;2;2
Rua Antônio de Castro Mendonça Furtado;Conjunto Residencial Butantã;750.000;373;140;140;3;3;3;3;2;2
Rua San Salvador;Jardim América;12.990.000;0;664;664;6;6;5;5;5;5
Rua Eduardo Saigh Filho;Vila Tramontano;3.200.000;251;600;600;4;4;6;6;5;5
Rua Cayowaá;Sumaré;990.000;1755;131;131;3;3;3;3;1;1
Rua Guihei Vatanabe;Vila Progredior;650.000;83;70;70;3;3;2;2;2;2
Rua Filadelfo Aranha;Vila Madalena;6.300.000;35;483;483;4;4;2;2;2;2
Rua Mário Gonçalves de Oliveira;Fazenda Morumbi;1.300.000;138;380;380;5;5;7;7;4;4
Rua Sargento Gilberto Marcondes Machado;Paineiras do Morumbi;5.000.000;147;850;850;5;5;6;6;6;6
Rua Paris;Sumaré;890.000;455;125;125;2;2;2;2;2;2
Rua Padre Marchetti;Ipiranga;550.000;33;145;145;2;2;3;3;2;2
Rua Professor Gabriel Ortiz;Jardim Guedala;2.250.000;37738888;542;542;4;4;8;8;6;6
Rua Alberto Faria;Alto de Pinheiros;6.890.000;1300;523;523;5;5;1;1;6;6
Rua Azevedo e Britto;Vila Formosa;750.000;95;129;129;2;2;2;2;2;2
Rua Mongubá;Vila Carrão;466.000;569;94;94;3;3;2;2;2;2
Rua Ribeiro do Vale;Brooklin;1.800.000;1163;220;220;3;3;3;3;3;3
Rua Frei Bonifácio Dux;Jardim Colombo;890.000;510;232;232;3;3;3;3;4;4
Rua Mendes Pais;Vila Nova Conceição;3.300.000;211;230;230;4;4;1;1;2;2
Rua José Guilherme Guimarães Pedroso;Vila Campo Grande;590.000;0;220;220;3;3;4;4;8;8
Rua Sampaio Vidal;Jardim Paulistano;5.800.000;297;244;244;2;2;4;4;2;2
Rua Corveta Camacua;Vila Inah;1.200.000;200;360;360;4;4;5;5;6;6
Rua Sebastião Falconi;Jardim Taboao;550.000;168;162;162;3;3;3;3;2;2
Rua Barajuba;Alto de Pinheiros;5.500.000;111;420;420;4;4;4;4;4;4
Rua João Geraldo;Vila Matilde;480.012;136;115;115;3;3;2;2;2;2
Rua Luís Araújo Faria;Jardim Monte Kemel;640.000;317;150;150;3;3;1;1;3;3
Rua Puréus;Jardim Guedala;6.300.000;37738888;650;650;4;4;6;6;6;6
Rua Izonzo;Sacomã;650.000;100;200;200;3;3;2;2;2;2
Rua Aldo Samarão Guimarães Filho;Jardim Esmeralda;740.000;12;310;310;4;4;3;3;7;7
Rua Guaones;Jardim Guedala;5.000.000;70;600;600;4;4;7;7;6;6
Avenida Morumbi;Morumbi;3.500.000;444;800;800;7;7;7;7;4;4
Rua Silveira Sampaio;Fazenda Morumbi;6.500.000;0;1000;1000;5;5;7;7;4;4
Rua Blumenau;Vila Leopoldina;695.000;105;125;125;3;3;4;4;2;2
Rua Plínio Salgado;Jardim Peri Peri;1.500.000;167;151;151;2;2;2;2;3;3
Rua Caixanas;Jardim Guedala;5.000.000;37738888;551;551;4;4;8;8;6;6
Rua Conselheiro Torres Homem;Jardim Paulista;4.900.000;285;250;250;4;4;5;5;4;4
Rua Perucaba;Tatuapé;1.700.000;153;290;290;2;2;3;3;5;5
Rua Desembargador Teodomiro Dias;Conjunto Residencial Butantã;700.000;600;110;110;3;3;1;1;1;1
Rua Maria Teresa Assunção;Vila São Geraldo;636.000;618;160;160;3;3;3;3;2;2
Rua João Batista Leme da Silva;Vila Madalena;1.500.000;115;170;170;3;3;3;3;2;2
Travessa Doutor Adilson Rodrigues;Vila Mariana;660.000;6;140;140;3;3;2;2;1;1
Rua Laerte Assunção;Jardim Paulistano;7.000.000;96;400;400;4;4;6;6;5;5
Rua Henrique Martins;Jardim Paulista;18.000.000;50;723;723;3;3;6;6;4;4
Rua Domingos Neto;Vila Marari;450.000;40;80;80;1;1;1;1;2;2
Rua Milton Strenger;Parque Continental;750.000;0;150;150;3;3;2;2;2;2
Rua Bernardo Sanches;Real Parque;2.200.000;60;533;533;3;3;5;5;6;6
Rua Inácio Manuel Álvares;Jardim Ester;770.000;886;178;178;3;3;4;4;5;5
Rua Acutiranha;Jardim Panorama;3.950.000;169;510;510;4;4;4;4;4;4
Rua Visconde de Sabóia;Vila Macedópolis;579.000;315;90;90;3;3;3;3;4;4
Rua Francisco Pais;Jardim Ipanema (Zona Sul);690.000;316;350;350;2;2;1;1;2;2
Rua Doutor Ivan Maia de Vasconcelos;Cidade Patriarca;636.000;212;123;123;3;3;5;5;3;3
Rua Maestro Savino de Benedictis;Rio Pequeno;398.000;143;100;100;2;2;1;1;2;2
Rua Fortunato Minozzi;Imirim;450.000;225;114;114;3;3;1;1;2;2
Rua Vasco Crevatin;Vila Nova Conceição;7.000.000;50;300;300;3;3;4;4;3;3
Rua Doutor Elias Chaves;Campos Elíseos;1.300.000;175;530;530;3;3;4;4;6;6
Rua Emboabas;Brooklin Paulista;800.000;143;235;235;4;4;1;1;3;3
Rua Ernesto Zuanella;Parque Continental;990.000;228;230;230;3;3;4;4;4;4
Rua Félix Guilhem;Lapa de Baixo;550.000;899;85;85;2;2;1;1;4;4
Rua Ermelinda Americano;Perdizes;1.500.000;117;200;200;3;3;3;3;2;2
Alameda dos Piratinins;Planalto Paulista;1.600.000;562;266;266;4;4;4;4;3;3
Rua Cláudio Xavier;Jardim de Lorenzo;650.000;29;170;170;3;3;2;2;5;5
Rua Arandu;Brooklin Paulista;1.800.000;737;430;430;6;6;3;3;3;3
Rua Dom Tomás Costa e Lima;Vila Tramontano;4.900.000;0;388;388;3;3;5;5;8;8
Rua José Osvaldo Ribeiro;Vila Guilhermina;585.000;10;125;125;3;3;2;2;1;1
Rua Jacob Maris;Instituto de Previdência;980.000;50;350;350;3;3;5;5;3;3
Rua Doutor Nério Nunes;Jardim Germânia;800.000;189;300;300;3;3;1;1;5;5
Rua Nebraska;Brooklin Novo;2.950.000;835;240;240;4;4;4;4;6;6
Avenida Pascoal da Rocha Falcão;Jardim Santa Helena;990.000;544;300;300;4;4;4;4;3;3
Rua Batista de Oliveira;Vila Formosa;1.914.000;74;294;294;2;2;1;1;4;4
Rua Doutor Jesuíno de Abreu;Jardim Morumbi;1.450.000;278;285;285;4;4;5;5;6;6
Rua Miralta;Alto de Pinheiros;5.500.000;50;534;534;4;4;2;2;4;4
Rua Honorato Faustino;Alto de Pinheiros;3.300.000;6;215;215;3;3;2;2;10;10
Rua Eusébio de Paula Marcondes;Rio Pequeno;350.000;513;120;120;2;2;1;1;2;2
Rua Doutor Paulo Queiroz;Jardim Nove de Julho;450.000;1730;520;520;3;3;2;2;2;2
Rua Antônio Boz Marfil;Parque dos Príncipes;2.000.000;25;407;407;4;4;6;6;6;6
Rua Roque Giangrande Filho;Jardim Itapeva;600.000;190;100;100;2;2;1;1;2;2
Rua Tapes;Jardim Aeroporto;840.000;878;152;152;5;5;5;5;4;4
Rua Jordão da Costa;Vila Nhocune;560.000;99;180;180;3;3;3;3;3;3
Rua Emanuel Guedes;Conjunto Residencial Butantã;550.000;252;145;145;11;11;1;1;2;2
Rua Antônio Cubas;Vila Santa Edwiges;700.000;283;150;150;3;3;4;4;3;3
Rua Franca do Imperador;Jardim Vera Cruz(Zona Leste);350.000;241;640;640;3;3;2;2;5;5
Rua Aleixo da Silva;Vila Almeida;830.000;131;132;132;3;3;3;3;4;4
Rua Joaquim Cândido de Azevedo Marques;Vila Morumbi;2.765.000;1515;495;495;5;5;6;6;3;3
Rua Araxiá;Jardim Guedala;2.350.000;122;456;456;4;4;5;5;3;3
Rua Bernardino Machado;Granja Julieta;3.920.000;321;893;893;7;7;9;9;4;4
Rua Sebastião Cabot;Jardim Guedala;3.300.000;391;390;390;3;3;3;3;4;4
Rua Edmon Mário Hage;Planalto Paulista;850.000;76;331;331;3;3;3;3;4;4
Rua Professor Eduardo Monteiro;Jardim Leonor;1.295.000;37738888;262;262;6;6;8;8;4;4
Rua Lázaro José Gonçalves;Jardim Avelino;1.950.000;164;400;400;3;3;5;5;6;6
Rua Lourenço Castanho;Vila Nova Conceição;4.000.000;50;350;350;4;4;2;2;4;4
Rua Atlântica;Jardim América;9.900.000;50;420;420;4;4;8;8;10;10
Rua Sônia Ribeiro;Brooklin;2.300.000;1342;260;260;4;4;6;6;3;3
Rua Conceição Russomano Pugliese;Vila Indiana;1.200.000;94;100;100;2;2;2;2;2;2
Rua Maria Celina;Cursino;797.900;119;180;180;3;3;2;2;2;2
Avenida Sanatório;Jardim Modelo;250.000;977;100;100;1;1;1;1;1;1
Avenida Diogo Gomes Carneiro;Jardim Rosa Maria;820.000;400;145;145;3;3;2;2;2;2
Rua Ipiranga;Jardim Aeroporto;590.000;311;120;120;2;2;3;3;2;2
Rua Filipe Cardoso;Cursino;2.300.000;381;340;340;3;3;4;4;4;4
Rua Abadiânia;Vila Guilhermina;635.000;430;183;183;3;3;3;3;2;2
Rua José Renato Pantoja;Vila Sonia;1.100.000;86;160;160;3;3;3;3;4;4
Rua Tapirapés;Balneário Mar Paulista;900.000;41;250;250;4;4;4;4;10;10
Rua Professor José Geraldo de Lima;Vila Tiradentes;650.000;232;150;150;3;3;3;3;2;2
Rua Bastos Pereira;Vila Nova Conceição;7.000.000;267;440;440;4;4;4;4;3;3
Rua Jurupari;Jardim Oriental;630.000;487;179;179;3;3;4;4;4;4
Rua Curucáia;Saúde;820.000;0;150;150;2;2;4;4;2;2
Rua Campo Grande;Vila Leopoldina;1.600.000;175;244;244;3;3;3;3;3;3
Rua Visconde de Aguiar Toledo;Vila Congonhas;1.750.000;50;195;195;3;3;4;4;2;2
Rua Laiana;Boaçava;4.500.000;3;435;435;4;4;1;1;6;6
Rua Alasca;Jardim América;17.500.000;144;650;650;5;5;5;5;8;8
Rua Alvorada do Sul;Jardim Guedala;2.900.000;285;330;330;4;4;5;5;2;2
Rua Paulo Barian;Jardim Raposo Tavares;500.000;184;160;160;1;1;1;1;2;2
Praça Barão Pinto Lima;Boaçava;4.350.000;4;520;520;4;4;6;6;8;8
Rua Dom Macário;Vila da Saúde;1.400.000;175;312;312;3;3;4;4;6;6
Rua Teixeira Pinto;Jardim Paulista;5.500.000;50;390;390;4;4;3;3;6;6
Rua Arthur Soter Lopes da Silva;Jardim Esmeralda;660.000;326;140;140;3;3;2;2;2;2
Rua Manuel Marques Simões;Cidade Jardim;4.200.000;0;1300;1300;5;5;7;7;6;6
Rua Keisuke Koza;Jardim Trussardi;500.000;0;180;180;2;2;3;3;4;4
Rua João Gomes Barbosa;Jardim Alvorada (Zona Oeste);689.000;0;230;230;3;3;3;3;2;2
Rua Anatólia;Boaçava;5.000.000;6;615;615;4;4;8;8;8;8
Rua Pascoal Pais;Vila Cordeiro;2.000.000;393;210;210;3;3;5;5;4;4
Rua Luiz Nunes;Parque Ramos Freitas;250.000;7;200;200;3;3;2;2;1;1
Rua das Açucenas;Cidade Jardim;5.400.000;50;500;500;4;4;7;7;4;4
Rua Vercínio Pereira de Souza;Jardim Tietê;260.000;872;140;140;1;1;1;1;2;2
Avenida Mauro Marques da Silva;Vila Antônio;375.000;156;80;80;2;2;1;1;2;2
Rua Carlos Petit;Vila Mariana;2.800.000;175;400;400;11;11;5;5;3;3
Rua Luiz Galhanone;Jardim Viana;2.500.000;404;280;280;4;4;5;5;3;3
Rua Oliveira Pimentel;Jardim Paulista;8.900.000;148;502;502;4;4;4;4;8;8
Rua Manuel Antônio Carvalho;Vila Clarice;398.000;1;90;90;3;3;2;2;2;2
Rua Manuel Navarro;Jardim Guedala;3.300.000;37738888;470;470;4;4;8;8;4;4
Rua Antônio Bento;Jardim Paulista;5.200.000;50;476;476;4;4;5;5;3;3
Rua Teresa Lon;Jardim Patente Novo;780.000;0;190;190;3;3;4;4;4;4
Rua Veríssimo da Silva;Jardim Nossa Senhora do Carmo;385.000;0;97;97;2;2;3;3;2;2
Rua Jacarezinho;Jardim Europa;18.900.000;355;1300;1300;5;5;8;8;10;10
Rua Melo Morais Filho;Jardim Guedala;8.500.000;100;545;545;4;4;5;5;3;3
Rua Araucária;Jardim Franca;929.000;243;251;251;3;3;3;3;3;3
Rua Antônio Calixto Abrão;Parque Imperial;590.000;63;96;96;2;2;2;2;3;3
Rua Coelho de Carvalho;Alto da Lapa;1.280.000;330;220;220;3;3;4;4;4;4
Rua Faustolo;Lapa;900.000;106;205;205;3;3;1;1;1;1
Rua Gastão da Cunha;Vila Paulista;690.000;324;177;177;3;3;2;2;2;2
Rua Salvador Fiordelisio;Vila Bertioga;599.000;160;77;77;3;3;4;4;2;2
Avenida Lineu de Paula Machado;Jardim Everest;3.600.000;13;700;700;5;5;5;5;10;10
Rua Professor Wlademir Pereira;Vila São Silvestre;1.300.000;235;190;190;4;4;5;5;3;3
Rua Nossa Senhora do Pilar;Jardim Trussardi;690.000;0;100;100;3;3;3;3;2;2
Rua Antistenes;Jardim São Jorge;345.000;121;75;75;2;2;1;1;2;2
Rua Escobar Ortiz;Vila Nova Conceição;5.300.000;50;200;200;3;3;4;4;6;6
Rua Jairo de Almeida Machado;Jaraguá;395.000;253;65;65;3;3;2;2;2;2
Rua Antilhas;Jardim América;12.000.000;50;600;600;5;5;6;6;10;10
Rua Godofredo Braga;Vila Fachini;379.000;39;126;126;2;2;2;2;3;3
Rua Radiantes;Jardim Leonor;4.950.000;37738888;708;708;5;5;6;6;10;10
Avenida Odila;Planalto Paulista;2.300.000;1;309;309;3;3;5;5;2;2
Rua Comandante Ismael Guilherme;Jardim Luzitânia;9.800.000;50;499;499;4;4;5;5;3;3
Rua Professora Altina Maynardi de Araújo;Parque São Domingos;775.000;3;118;118;3;3;4;4;2;2
Rua Pedro de Toledo;Vila Clementino;4.500.000;1900;260;260;2;2;3;3;5;5
Rua Augusto Perroni;Conjunto Residencial Butantã;790.000;247;167;167;2;2;3;3;3;3
Rua Maestro Vasconcelos Chaves;Vila Rui Barbosa;270.000;228;60;60;1;1;1;1;2;2
Rua Berlioz;Alto de Pinheiros;2.300.000;695;658;658;3;3;4;4;4;4
Rua Irmã Clotilde;Vila Formosa;405.000;338;136;136;2;2;1;1;1;1
Rua Olímpia Lemes da Silva;Jardim das Vertentes;700.000;108;150;150;3;3;3;3;2;2
Rua Votuverava;Jardim Guedala;4.499.000;0;736;736;5;5;3;3;12;12
Rua Lactâncio;Vila Nova Curuçá;900.000;537;254;254;2;2;1;1;6;6
Avenida Benjamim Mansur;Instituto de Previdência;870.000;26;126;126;3;3;2;2;2;2
Rua Sibipiruna;Parque dos Príncipes;5.000.000;466;720;720;3;3;3;3;6;6
Rua Evaristo da Veiga;Catumbi;749.000;81;125;125;2;2;3;3;2;2
Rua Tucuna;Pompeia;2.300.000;250;340;340;3;3;3;3;8;8
Rua Inocêncio Nogueira;Cidade Jardim;4.800.000;0;659;659;5;5;5;5;8;8
Avenida Professor José Maria Alkmin;Jardim Ester;650.000;0;150;150;3;3;2;2;3;3
Largo da Batalha;Jardim Luzitânia;5.250.000;42;300;300;3;3;4;4;3;3
Rua Alessandro Araldi;Jardim dos Pinheiros;820.000;109;179;179;3;3;4;4;3;3
Rua Almerindo Alziro Paganini;Jardim Popular;425.000;359;104;104;2;2;2;2;2;2
Rua José Alencar Castelo Branco;Siciliano;1.100.000;103;130;130;3;3;3;3;3;3
Rua Doutor João Maia;Aclimação;2.200.000;183;311;311;4;4;6;6;3;3
Rua dos Franceses;Morro dos Ingleses;1.150.000;44;236;236;3;3;1;1;4;4
Rua Belarmino Barreto;Vila Fachini;370.000;52;95;95;2;2;2;2;2;2
Rua Doutor Domingos de Sylos;Brooklin;800.000;55;144;144;3;3;4;4;2;2
Rua Francisco Carvalho Henriques;Lar São Paulo;1.300.000;146;253;253;3;3;6;6;6;6
Rua Doutor Cristiano de Sousa;Jardim Leonor;1.300.000;140;341;341;4;4;4;4;4;4
Rua Umberto Corradi;Vila Gomes Cardim;2.300.000;68;600;600;4;4;7;7;4;4
Rua Coronel Bento Noronha;Jardim Paulistano;14.000.000;50;934;934;5;5;8;8;7;7
Rua Almirante Pereira Guimarães;Pacaembu;2.200.000;0;457;457;4;4;2;2;7;7
Rua Doutor Odon Carlos de Figueiredo Ferraz;Parque São Domingos;1.350.000;1054;305;305;4;4;6;6;5;5
Rua Doutor João Dalmácio Azevedo;Cidade Jardim;8.400.000;81;900;900;4;4;6;6;8;8
Rua Giácomo Carissimi;Vila Adalgisa;580.000;178;120;120;3;3;2;2;2;2
Rua Luís da Silva Araújo;Jardim Leonor Mendes de Barros;1.090.000;94;287;287;4;4;6;6;6;6
Rua General Calado;Vila Regente Feijó;900.000;192;194;194;4;4;4;4;2;2
Rua Angatuba;Pacaembu;10.000.000;519;687;687;4;4;6;6;4;4
Rua Doutor João Vieira Neves;Jardim Esmeralda;550.000;125;140;140;3;3;2;2;3;3
Rua Geremia Lunardelli;Jardim Peri Peri;900.000;382;200;200;3;3;5;5;4;4
Rua General Pereira da Cunha;Retiro Morumbi;19.000.000;505;2200;2200;6;6;6;6;12;12
Rua Laplace;Brooklin;2.800.000;962;634;634;5;5;4;4;4;4
Rua Pedro Inácio de Araújo;Vila São Silvestre;590.000;202;98;98;2;2;1;1;2;2
Rua Maria Celina;Vila Firmiano Pinto;799.000;73;140;140;3;3;3;3;2;2
Rua Milton Soares;Jardim Sarah;350.000;91;100;100;2;2;2;2;2;2
Rua Orozimbo Maia;Alto da Mooca;2.000.000;171;220;220;6;6;7;7;6;6
Travessa Nicolas Jancu;Jardim Virginia Bianca;1.684.000;0;367;367;3;3;4;4;4;4
Rua João Cordeiro;Vila Carrão;1.580.000;0;480;480;4;4;10;10;4;4
Rua México;Jardim América;30.000.000;50;581;581;3;3;3;3;20;20
Rua Bartolomeu Rampini;Parque Maria Fernandes;300.000;111;200;200;4;4;1;1;1;1
Rua David Ben Gurion;Jardim Monte Kemel;900.000;955;179;179;4;4;5;5;4;4
Rua Eva Bloch;Bosque da Saúde;1.802.000;11;150;150;4;4;3;3;4;4
Rua Rubem de Souza;Vila Inglesa;1.400.000;36;390;390;3;3;2;2;3;3
Rua André Rebouças;Vila Piauí;400.000;0;75;75;2;2;2;2;1;1
Rua Porto Rico;Jardim América;20.200.000;48;701;701;4;4;4;4;6;6
Avenida Eugênio Bartolomai;Jardim Santa Helena;1.290.000;193;290;290;3;3;3;3;4;4
Rua Ribeiro do Vale;Brooklin Paulista;1.590.000;0;250;250;3;3;4;4;3;3
Rua Sanharó;Jardim Guedala;1.700.000;0;286;286;2;2;4;4;4;4
Rua Alemanha;Jardim Europa;7.700.000;50;550;550;3;3;4;4;4;4
Rua Áurea Batista dos Santos;Vila Morse;850.000;926;240;240;3;3;3;3;2;2
Rua Saclara;Vila Industrial;280.000;0;90;90;3;3;3;3;3;3
Rua Noruega;Jardim Europa;15.000.000;0;878;878;4;4;8;8;8;8
Rua D'Ouro;Jardim Luzitânia;7.980.000;50;415;415;3;3;5;5;8;8
Rua da Cipaúba;Vila São Domingos;480.000;178;140;140;3;3;3;3;2;2
Rua General Almério de Moura;Vila Tramontano;2.750.000;0;600;600;3;3;4;4;6;6
Rua Manoel Pires do Valle;Vila Domitila;549.000;146;170;170;3;3;2;2;3;3
Rua Jacinto Ribeiro;Jardim das Vertentes;640.000;54;264;264;4;4;3;3;2;2
Rua Moura Brasil;Butantã;1.600.000;0;450;450;3;3;3;3;4;4
Rua Manuel Silva Neto;Vila Macedópolis;740.000;231;210;210;4;4;2;2;3;3
Rua Francisco Santo Suosso;Educandário;372.000;0;135;135;2;2;2;2;1;1
Rua Almirante Lobo;Ipiranga;530.000;16;125;125;3;3;2;2;1;1
Rua Chamantá;Vila Prudente;800.000;5558;240;240;3;3;3;3;3;3
Rua Portugal;Jardim Europa;16.000.000;113;693;693;4;4;4;4;6;6
Rua Primavera;Jardim Paulista;5.500.000;78;665;665;4;4;3;3;6;6
Avenida Ireré;Planalto Paulista;2.500.000;538;356;356;4;4;5;5;4;4
Rua Comendador Roque Licciardi;Jardim das Vertentes;1.200.000;0;200;200;3;3;4;4;7;7
Rua Angá;Vila Formosa;957.000;598;234;234;2;2;2;2;1;1
Rua Araporã;Vila Polopoli;419.000;162;61;61;2;2;2;2;2;2
Rua Vicente Pelosi;Vila Gomes;878.000;36;120;120;3;3;3;3;2;2
Rua Adriano Silva;Parque dos Príncipes;2.450.000;0;445;445;4;4;4;4;8;8
Rua Paulo da Costa Leite;Jardim Riviera;2.800.000;150;260;260;4;4;2;2;4;4
Avenida Água Funda;Vila Guarani (Z Sul);784.000;182;250;250;6;6;5;5;2;2
Rua Berlinghieri;Jardim Dracena;520.000;84;176;176;4;4;4;4;3;3
Rua Terra Branca;Vila Paranaguá;300.004;54;90;90;2;2;1;1;1;1
Rua Orestes Colombari;Jardim Cláudia;380.000;35;85;85;2;2;2;2;3;3
Rua José Piragibe;Vila Indiana;720.000;340;91;91;2;2;2;2;1;1
Rua Francisco de Assis Araújo;Jardim Ubirajara;509.000;79;98;98;3;3;2;2;3;3
Rua Palmeira D'Oeste;Chácara Belenzinho;515.000;70;300;300;5;5;4;4;4;4
Rua Galeno de Almeida;Pinheiros;1.399.000;309;110;110;3;3;3;3;2;2
Rua Madalena;Vila Madalena;3.300.000;580;488;488;4;4;5;5;3;3
Rua Tenente Henrique Gil Neto;Vila Mariana;1.380.000;30;180;180;3;3;2;2;3;3
Rua Pascoal Gomes de Lima;Tremembé;531.000;87;100;100;3;3;2;2;6;6
Rua Pedro Nascimento Ferrador;Vila Prudente;760.000;483;125;125;3;3;3;3;2;2
Rua Rodrigues Guião;Pinheiros;2.000.000;146;130;130;3;3;3;3;1;1
Rua Luiz da Silva Leite;Vila Olinda;550.000;93;265;265;3;3;3;3;2;2
Rua Bernard de Soissons;Jardim das Vertentes;745.000;112;200;200;3;3;4;4;2;2
Rua Francisco Lages;Vila Antônio;500.000;53;90;90;2;2;1;1;2;2
Rua Clodomiro Furquim de Almeida;Jardim Tietê;380.000;163;120;120;3;3;3;3;2;2
Rua Corumbiara;Pinheiros;850.000;4;82;82;1;1;2;2;1;1
Alameda Jaú;Jardim Paulista;11.990.000;320;795;795;3;3;7;7;6;6
Rua Cristóvão Camargo;Vila Araguaia;429.999;200;135;135;3;3;1;1;1;1
Rua Parque da Fonte;Barro Branco (Zona Norte);3.780.000;0;600;600;4;4;6;6;8;8
Rua Manoel Alves de Azevedo;Jardim São Luís;575.000;125;260;260;5;5;4;4;6;6
Rua Ministro Apolônio Salles;Jardim Tietê;550.000;653;180;180;3;3;2;2;2;2
Rua Manuel Correia de Paiva;Vila Marari;600.000;168;158;158;3;3;4;4;2;2
Rua Júlio Verne;Jardim Hípico;2.190.000;258;288;288;4;4;4;4;2;2
Rua Fernando Caldas;Rolinópolis;900.000;431;190;190;3;3;3;3;3;3
Rua Luís Pereira de Almeida;Jardins;2.700.000;72;400;400;4;4;3;3;5;5
Rua Duque de Caxias;Santo Amaro;2.549.800;244;337;337;4;4;6;6;3;3
Rua Deolinda de Oliveira;Vila das Mercês;540.000;77;138;138;3;3;2;2;3;3
Rua Doutor Abelardo Vergueiro César;Vila Alexandria;630.000;432;90;90;4;4;4;4;2;2
Rua Elias Acras;Jardim Celeste;1.200.000;0;200;200;4;4;6;6;6;6
Rua Dom Luís de Bragança;Mirandópolis;1.150.000;394;103;103;4;4;3;3;2;2
Rua Padre Bento Ibañez;Jardim Prudência;367.929;60;130;130;2;2;1;1;1;1
Avenida das Magnólias;Cidade Jardim;1.378.000;0;366;366;4;4;5;5;4;4
Rua Estados Unidos;Jardim Paulista;4.600.000;50;400;400;6;6;6;6;6;6
Rua Ferdinando Frantz;Vila do Castelo;585.000;235;130;130;3;3;5;5;3;3
Rua Kansas;Itaim Bibi;2.500.000;549;335;335;4;4;4;4;4;4
Rua Bartolomeu Pagano;Vila Dorna;850.000;28;560;560;4;4;6;6;8;8
Rua José Vicente Ferreira;Engenheiro Goulart;690.000;171;148;148;3;3;4;4;4;4
Rua Luís Carlos Paraná;Jardim Cidália;750.000;284;180;180;3;3;2;2;4;4
Rua Porto Sabaúna;Vila Alpina;800.000;298;200;200;3;3;2;2;6;6
Rua Pau Brasil;Boaçava;5.000.000;640;500;500;4;4;4;4;4;4
Rua Emílio Mallet;Vila Gomes Cardim;650.000;450;100;100;3;3;2;2;2;2
Rua Major Freire;Vila Monte Alegre;970.000;567;211;211;4;4;3;3;5;5
Rua Cabedelo;Vila Inah;2.000.000;0;300;300;4;4;2;2;4;4
Rua Guadelupe;Jardim América;14.000.000;222;753;753;4;4;5;5;6;6
Rua República do Iraque;Campo Belo;2.690.000;236;400;400;5;5;6;6;10;10
Rua André Saraiva;Vila Sônia;600.000;0;290;290;3;3;4;4;4;4
Rua Engenheiro José Sá Rocha;Vila Mariana;3.800.000;243;490;490;4;4;5;5;6;6
Rua Panônia;Jardim Colombo;730.000;92;140;140;3;3;2;2;2;2
Rua Enjolras Vampre;Jardim da Saúde;2.120.000;95;360;360;4;4;4;4;10;10
Rua Alfa;Sacomã;810.000;0;270;270;3;3;4;4;4;4
Rua Lourenço Cândido de Siqueira;Jardim Arize;315.000;222;120;120;2;2;2;2;3;3
Avenida Visconde do Rio Grande;Jardim São José;213.850;374;62;62;1;1;1;1;1;1
Rua Ibirá;Vila Bertioga;950.000;0;165;165;3;3;2;2;3;3
Rua José da Veiga Vale;Parque São Domingos;398.000;26;90;90;2;2;1;1;1;1
Rua Cocais;Jardim Oriental;470.000;150;120;120;2;2;1;1;3;3
Rua Capitão Rangel;Vila São Geraldo;750.000;222;120;120;2;2;1;1;1;1
Rua Joaquim Figueira;Vila Formosa;950.000;11;114;114;3;3;1;1;1;1
Rua Araripina;Jardim Guedala;5.500.000;180;448;448;3;3;5;5;4;4
Rua Iraci;Jardim Paulistano;2.600.000;668;240;240;3;3;5;5;3;3
Rua Sebastião Rodrigues;Alto de Pinheiros;2.150.000;302;145;145;3;3;2;2;2;2
Avenida General Leite de Castro;Jardim Santa Cruz (Sacomã);560.000;379;172;172;3;3;3;3;4;4
Rua Monte Caseros;Vila Gomes;750.000;0;180;180;3;3;3;3;3;3
Rua Marcílio de Sá;Jardim das Vertentes;850.000;35;150;150;3;3;4;4;3;3
Rua Augusto Farina;Jardim Bonfiglioli;850.000;0;175;175;4;4;5;5;4;4
Rua Marie Satzke;Vila Campo Grande;2.250.000;115;560;560;4;4;4;4;8;8
Rua João Lopes de Amorim;Vila Nova Cachoeirinha;520.000;405;230;230;3;3;5;5;3;3
Rua Conseguina;Jardim Guedala;3.200.000;53;742;742;4;4;5;5;6;6
Rua Rosa Mística;Vila Campestre;530.000;151;125;125;3;3;4;4;2;2
Rua També;Jardim Guedala;8.000.000;37738888;544;544;4;4;9;9;10;10
Rua Maria de Lourdes Vital da Silva;Chácara Japonesa;1.490.000;120;181;181;3;3;5;5;4;4
Rua Guaonés;Jardim Guedala;4.750.000;1;960;960;4;4;8;8;10;10
Rua Artemis;Vila Babilônia;550.000;194;167;167;4;4;4;4;2;2
Rua Planeta;Chácara Belenzinho;490.000;1;120;120;2;2;2;2;2;2
Rua Ângelo de Cândia;Cidade São Mateus;500.000;343;175;175;3;3;3;3;2;2
Rua Natingui;Vila Madalena;2.900.000;96;400;400;4;4;5;5;8;8
Rua Luís Ferreira de Barros;Vila Universitária;560.000;12;214;214;3;3;3;3;6;6
Rua Doutor Manuel Carlos de Figueiredo Ferraz;Jardim Morumbi;1.950.000;185;450;450;4;4;5;5;7;7
Rua José Flávio;Penha de França;352.950;187;205;205;1;1;1;1;1;1
Rua Tomaz da Mota;Jardim Pinheiros;725.000;0;140;140;3;3;4;4;2;2
Rua Guaianaz da Fonseca;Vila Madalena;1.790.000;28;220;220;3;3;5;5;4;4
Rua Martins;Butantã;1.350.000;386;290;290;3;3;1;1;5;5
Rua Baronesa de Bela Vista;Vila Congonhas;2.000.000;138;290;290;4;4;4;4;4;4
Rua Iguaçaba;Chácara Belenzinho;450.000;163;80;80;2;2;1;1;2;2
Rua Breno Pinheiro;Jardim Morumbi;950.000;135;273;273;3;3;4;4;5;5
Rua Grécia;Jardim Europa;4.800.000;23;280;280;3;3;2;2;3;3
Rua Doutor Astor Dias Guimarães;Jardim Bonfiglioli;680.000;0;70;70;2;2;2;2;1;1
Rua Dentista Barreto;Vila Carrão;8.000.000;318;1050;1050;7;7;9;9;7;7
Rua Robélia;Jardim Prudência;1.300.000;149;300;300;4;4;6;6;4;4
Rua Simões Pinto;Parque Jabaquara;650.000;48;200;200;3;3;1;1;2;2
Rua Manoel Carneiro Silva;Bosque da Saúde;1.100.000;162;160;160;3;3;2;2;4;4
Rua Ubaíra;Indianópolis;2.000.000;32;200;200;4;4;2;2;4;4
Rua Cachoeira Escura;Jardim Triana;790.004;121;150;150;3;3;5;5;3;3
Rua Catuquina;Vila Formosa;233.376;55;130;130;1;1;1;1;1;1
Rua Pirajuia;Jaguaré;700.000;0;230;230;4;4;4;4;4;4
Rua João Gomes Pereira;Jardim Tietê;350.000;1159;120;120;3;3;2;2;2;2
Rua Avaré;Consolação;3.195.980;428;452;452;5;5;6;6;6;6
Rua João Gaspar;Jardim São Luís;480.000;850;128;128;2;2;1;1;1;1
Rua João Batista Pereira;Jardim Pinheiros;750.000;0;140;140;3;3;4;4;3;3
Rua Pedro Ravara;Jardim Ipanema (Zona Oeste);1.340.000;30;710;710;5;5;3;3;6;6
Rua Alberto Hodge;Santo Amaro;1.100.000;932;140;140;3;3;4;4;2;2
Rua General Sócrates;Penha de França;1.150.000;78;250;250;3;3;2;2;1;1
Rua Ordenações Manuelinas;Vila Sonia;785.005;49;158;158;3;3;3;3;3;3
Rua Ouvidor Peleja;Vila Mariana;1.200.000;780;160;160;1;1;2;2;2;2
Rua Tomé de Souza;Lapa;3.300.000;606;700;700;4;4;6;6;6;6
Rua Olímpio de Campos;Jardim Vila Formosa;732.000;118;200;200;4;4;3;3;2;2
Rua Endê;Vila Madalena;6.180.000;66;404;404;3;3;4;4;6;6
Rua Guateque;Jardim Avenida;328.000;98;155;155;2;2;1;1;2;2
Rua Pirandello;Campo Belo;1.750.000;785;450;450;3;3;5;5;3;3
Rua Evaristo Pereira Escorsa;Vila Antonieta;420.013;385;86;86;2;2;2;2;1;1
Rua Luís Antônio dos Santos;Santa Teresinha;950.000;605;240;240;4;4;3;3;3;3
Rua Santo Estácio;Cidade Vargas;698.000;404;150;150;2;2;2;2;1;1
Rua Doutor Cintra Gordinho;Alto da Lapa;1.500.000;0;270;270;2;2;2;2;1;1
Rua José Clemente;Jardim Paulista;3.998.000;221;390;390;4;4;2;2;9;9
Rua Nelson de Godói Pereira;Vila Santo Estevão;750.000;150;138;138;3;3;2;2;2;2
Rua Maurício de Castilho;Vila Monumento;1.100.000;406;205;205;5;5;4;4;4;4
Rua Território do Iguaçu;Jabaquara;750.000;89;220;220;4;4;3;3;6;6
Rua Itaguara;Cidade Vargas;1.300.000;100;400;400;6;6;5;5;4;4
Rua Miguel Langone;Itaquera;360.000;383;270;270;3;3;2;2;2;2
Rua Atibaia;Pacaembu;3.600.000;100;570;570;3;3;6;6;6;6
Avenida Professor João de Lorenzo;Jardim São Jorge (Raposo Tavares);335.004;369;62;62;2;2;1;1;2;2
Avenida Albert Einstein;Jardim Leonor;1.682.000;1009;450;450;4;4;5;5;4;4
Rua Rudi Schaly;Vila Fiat Lux;957.000;175;250;250;3;3;6;6;4;4
Avenida Raimundo Pereira de Magalhães;Jardim Íris;980.000;4123;280;280;4;4;3;3;4;4
Rua Virgílio de Barros Toledo;Jardim D'Abril;350.000;29;120;120;3;3;2;2;5;5
Rua Tibiriçá;Brooklin Paulista;1.730.000;100;260;260;3;3;4;4;3;3
Rodovia Raposo Tavares;Jardim Boa Vista (Zona Oeste);630.000;615;220;220;3;3;2;2;2;2
Rua Orlando Malagoli;Rio Pequeno;260.000;77;80;80;2;2;2;2;1;1
Alameda dos Auetis;Planalto Paulista;2.300.000;300;390;390;4;4;4;4;5;5
Rua Moncorvo Filho;Butantã;2.690.000;297;380;380;6;6;3;3;5;5
Rua José Renato Pantoja;Lar São Paulo;1.484.000;0;240;240;3;3;4;4;2;2
Rua Cicanta;Jardim Umarizal;954.000;0;210;210;3;3;2;2;2;2
Rua Almirante Soares Dutra;Morumbi;3.800.000;37738888;499;499;4;4;8;8;5;5
Rua José Alves de Almeida;Jardim Celeste;750.000;0;167;167;3;3;2;2;6;6
Rua Manajeru;Vila Isolina Mazzei;740.000;204;120;120;3;3;3;3;2;2
Rua Dona Elisa Pereira de Barros;Jardim Europa;8.500.000;50;707;707;4;4;10;10;6;6
Rua Francisco Gil de Araújo;Jardim Lourdes;400.000;94;200;200;3;3;1;1;2;2
Rua Ponta Porã;Vila Ipojuca;1.100.000;361;252;252;3;3;1;1;3;3
Rua Nilo Torres;Jardim Umuarama;799.000;26;148;148;3;3;3;3;2;2
Rua Holanda;Jardim Europa;13.499.900;192;720;720;5;5;10;10;8;8
Travessa Manoel Theodoro dos Santos;Rio Pequeno;770.000;0;200;200;3;3;2;2;6;6
Rua Martim Pescador;Tatuapé;750.000;124;94;94;2;2;1;1;1;1
Rua Xiririca;Vila Carrão;640.000;0;160;160;3;3;4;4;2;2
Rua Ludovico Ariosto;Cidade dos Bandeirantes;680.000;246;159;159;4;4;4;4;2;2
Rua Tejupá;Vila Babilônia;630.000;52;120;120;3;3;2;2;2;2
Rua Dona Maria Cândida de Lima;Vila Paulo Silas;520.000;133;320;320;5;5;3;3;4;4
Avenida Ouro Verde de Minas;Jardim Imperador (Zona Leste);646.761;1948;292;292;1;1;1;1;4;4
Rua Bertioga;Chácara Inglesa;720.001;493;103;103;2;2;1;1;1;1
Rua Osvaldo Nevola;Jardim Tietê;380.000;637;200;200;4;4;4;4;3;3
Rua Luís Sérgio Person;Parque Mandaqui;398.000;181;139;139;2;2;2;2;2;2
Rua Virgílio de Lemos;Jardim Jabaquara;480.000;195;120;120;2;2;2;2;2;2
Rua Otávio Passos;Vila Gomes;790.000;0;280;280;16;16;3;3;3;3
Rua David Romero Paré;Vila Sonia;780.000;193;300;300;3;3;3;3;4;4
Rua Pistache;Parque dos Príncipes;1.300.000;100;289;289;5;5;3;3;4;4
Rua Orlando Ferraiuolo;Vila Brasilina;689.000;428;250;250;3;3;3;3;4;4
Rua João de Santa Maria;Vila Brasilina;1.280.000;687;184;184;4;4;6;6;3;3
Rua Nova York;Brooklin Paulista;2.400.000;0;350;350;4;4;3;3;3;3
Rua Flor da Redenção;Vila Jacuí;300.000;277;110;110;3;3;2;2;2;2
Rua Maria José Rangel;Vila São Paulo;385.001;271;69;69;2;2;1;1;1;1
Rua Antônio Gebara;Planalto Paulista;1.480.000;1000;238;238;3;3;5;5;4;4
Rua Vitor Costa;Bosque da Saúde;1.600.000;677;237;237;3;3;3;3;4;4
Rua Carlos Baptista de Magalhães;Jardim Prudência;3.200.000;0;800;800;4;4;5;5;4;4
Rua Salvador de Edra;Saúde;1.100.000;50;216;216;3;3;3;3;2;2
Rua Saldanha da Gama;Alto da Lapa;1.695.000;100;219;219;5;5;8;8;6;6
Rua José Santana;Vila Reis;320.004;480;66;66;2;2;1;1;2;2
Rua Doutor Sarmento;Jardim Luzitânia;20.000.000;22;1050;1050;5;5;7;7;10;10
Rua José Joaquim Esteves;Jardim São Luís;650.000;645;115;115;3;3;2;2;3;3
Avenida Antônio de Souza Noschese;Parque Continental;990.000;996;201;201;3;3;5;5;3;3
Rua Venceslau Flexa;Jardim Paulistano;3.500.001;226;486;486;4;4;2;2;6;6
Rua Cardeal Cagliori;Alto de Pinheiros;3.500.000;1;400;400;4;4;5;5;7;7
Rua General Gaudie Ley;Interlagos;1.500.000;218;430;430;4;4;3;3;6;6
Rua Doutor Roberto Mercatelli;Barra Funda;639.001;72;87;87;3;3;2;2;1;1
Rua Barão de Tramandaí;Vila Alpina;270.000;0;117;117;3;3;2;2;2;2
